loss,accuracy
2.688856363296509,0.155964195728302
2.173039436340332,0.3126620054244995
1.7884464263916016,0.44128721952438354
1.4014639854431152,0.5669291615486145
1.0503116846084595,0.6751112341880798
